{"location":"models/mmd/kizunaai/kizunaai.pmx","line_locationx_1":0.5752404759987411,"line_locationy_1":8.439081739202324,"line_locationx_2":0.7745301286257413,"line_locationy_2":8.214784230881953,"line_locationx_3":0.5683684190116028,"line_locationy_3":7.997283616753111,"line_locationx_4":0.3209743674746367,"line_locationy_4":8.24197180764806}