{"location":"models/mmd/kizunaai/kizunaai.pmx","line_locationx_1":0.47888337259623226,"line_locationy_1":8.412758548588913,"line_locationx_2":0.7312643861500667,"line_locationy_2":8.233939709666846,"line_locationx_3":0.4578516214667462,"line_locationy_3":8.00252709459123,"line_locationx_4":0.25279204795425536,"line_locationy_4":8.24971784251291}