{"location":"models/mmd/『天宮こころ(Kokoro Amamiya)』/『天宮こころ(Kokoro Amamiya)』.pmx","line_locationx_1":0.5443485919434361,"line_locationy_1":5.593767454883018,"line_locationx_2":0.7651819788030416,"line_locationy_2":5.504358035421984,"line_locationx_3":0.5285747785963213,"line_locationy_3":5.336057951730626,"line_locationx_4":0.2867096406072297,"line_locationy_4":5.4885799025759185}