{"location":"models/mmd/『天宮こころ(Kokoro Amamiya)』/『天宮こころ(Kokoro Amamiya)』.pmx","line_locationx_1":0.566865163099371,"line_locationy_1":5.636042823526565,"line_locationx_2":0.7730268727135094,"line_locationy_2":5.506901833887564,"line_locationx_3":0.566865163099371,"line_locationy_3":5.3097919023333,"line_locationx_4":0.36757551047237025,"line_locationy_4":5.513698728079091}