{"location":"models/mmd/るいのれ式物述有栖_配布用フォルダ/物述有栖.pmx","line_locationx_1":0.6956850308815758,"line_locationy_1":4.740617993827299,"line_locationx_2":0.833416108490641,"line_locationy_2":4.593041289102449,"line_locationx_3":0.6382970818777984,"line_locationy_3":4.320591988071958,"line_locationx_4":0.2939693878551348,"line_locationy_4":4.615745397521657}